Rank,Alias,SubmissionTime,LapCount,AvgLapTime,BestLapTime,TotalLapTime,AvgResets,CollisionCount,OffTrackCount,ResetCount,SubmissionCount,LeaderboardSubmissionStatusType,RankingScore,UserId
1,C3Ro-Monst,1680308321251,3,30754,30661,92262,0.0,0,0,0,3,SUCCESS,92262,61QIIR_GTpCM0JoUAsdwew
2,monstsquad,1680307515103,3,31442,29991,94327,0.3333333333333333,0,1,1,1,SUCCESS,94327,DrMkcpQaSYCRAUD22iT2ng
3,Wiley-Coyote,1680310383164,3,36664,34060,109994,0.3333333333333333,0,1,1,3,SUCCESS,109994,QPzLJrQ-S0yyqMsdIKwAfA
4,CodeMachine,1680308256526,3,36886,36003,110659,0.0,0,0,0,1,SUCCESS,110659,b_WzN_r8ToGPle_8bl2tMA
5,londoso-monst,1680310530983,3,39559,36414,118677,2.0,0,6,6,1,SUCCESS,118677,mQQF2PEFSvmDfnR4HGLM1Q
6,Zeddx,1680309153595,3,39598,37803,118795,0.3333333333333333,0,1,1,4,SUCCESS,118795,lB7OvrjXS7CM0NMeM6IDPg
7,NeilSimon-PanSup,1680308425495,3,39775,36928,119325,2.0,0,6,6,1,SUCCESS,119325,caj3LxcuQz297jcW58Y--Q
8,kb-on-aimmo,1680307625429,3,43152,41261,129456,2.3333333333333335,0,7,7,1,SUCCESS,129456,QhcQzks1T4aU-ZL8mTfQiw
9,DataDrift#3,1680309304507,3,197843,189463,593530,34.666666666666664,0,104,104,1,SUCCESS,593530,2UlTLNlmSOylrWCf3IcFhA
