Alias,SubmissionTime,LapCount,AvgLapTime,BestLapTime,TotalLapTime,AvgResets,CollisionCount,OffTrackCount,ResetCount,SubmissionCount,Rank,LeaderboardSubmissionStatusType,RankingScore,RacingDivision,UserId
DatasMum,1622512599975,3,54064,48194,162192,2.3333333333333335,0,7,7,0,1,SUCCESS,162192,OPEN,w4-ZFHHVRcSGdiD-1APuNQ
buonaceraNatasha,1622506783596,3,73462,60065,220388,8.666666666666666,0,26,26,0,2,SUCCESS,220388,OPEN,3hEjpGwwSdqwjYJ0ZCJJng
VictorYuan,1622511829424,3,75692,74202,227077,1.3333333333333333,0,4,4,0,3,SUCCESS,227077,OPEN,seNoQKHYTAqaxbLoGlsjHQ
Sabine98,1622512871219,3,81547,77983,244641,10.666666666666666,0,32,32,0,4,SUCCESS,244641,OPEN,200cb7db61e44fa299f73e13889399eb
Buonacera,1622512418803,3,87999,80609,263997,11.0,0,32,33,1,5,SUCCESS,263997,OPEN,itt1QLyBTw2pYyxvoyHQJg
Feliz,1622512309480,3,89422,81103,268266,1.3333333333333333,0,4,4,0,6,SUCCESS,268266,OPEN,xh217t_WRKmykYAuxyiiMQ
