Alias,SubmissionTime,LapCount,AvgLapTime,BestLapTime,TotalLapTime,AvgResets,CollisionCount,OffTrackCount,ResetCount,SubmissionCount,Rank,LeaderboardSubmissionStatusType,RankingScore,RacingDivision,UserId
PolishThunder,1617243868262,3,47615,39307,142847,4.333333333333333,7,6,13,11,1,SUCCESS,142847,PRO,qi512oGVTry8V-KtP6j2_w
Maikel,1617243526670,3,54709,40572,164129,5.333333333333333,5,11,16,4,2,SUCCESS,164129,PRO,FeKoIRn0Tsa6tACAWZ_2gw
S-P-,1617244840928,3,63331,61513,189994,5.333333333333333,10,6,16,1,3,SUCCESS,189994,PRO,MxT5p4ZvSTOcc6ANa8VZNg
rosscomp1,1617242990749,3,65617,55837,196851,6.666666666666667,3,17,20,1,4,SUCCESS,196851,PRO,fb0d597a87f94697aa1c68be9366a74f
Jerec,1617245630470,3,78272,69607,234816,9.666666666666666,5,24,29,0,5,SUCCESS,234816,PRO,RH6ep-5mRmmVLqHClba8_Q
tony,1617242642962,3,138724,131155,416172,9.666666666666666,2,26,29,0,6,SUCCESS,416172,PRO,n6J-gyvRRx-CldbnyhRhEw
Anser,1617246496395,3,184903,184427,554711,28.0,3,81,84,1,7,SUCCESS,554711,PRO,JYzSEWNETBGuudH_UDQx7Q
