Rank,Alias,SubmissionTime,LapCount,AvgLapTime,BestLapTime,TotalLapTime,AvgResets,CollisionCount,OffTrackCount,ResetCount,SubmissionCount,LeaderboardSubmissionStatusType,RankingScore,UserId
1,JPMC-DriftKing-Houston,1696120868686,3,34840,32346,104520,2.6666666666666665,0,8,8,1,SUCCESS,104520,fngewpiZSZm11yX7YgwnMA
2,AndrewPonce,1696120681154,3,45627,43350,136883,2.6666666666666665,0,8,8,1,SUCCESS,136883,LEe2nrF3SsabDlNMSb0WIw
3,Akiva,1696118969211,3,47393,46131,142181,4.333333333333333,0,13,13,2,SUCCESS,142181,hsfJQ05mShW_UFBDkcXFyw
4,JuanStingo,1696118785127,3,51403,47204,154211,5.0,0,15,15,2,SUCCESS,154211,MMauXS90T7qwl6KG_A-TlQ
5,SpeedRacer-sonic-chongaichung,1696118514940,3,76894,74065,230682,10.666666666666666,0,32,32,1,SUCCESS,230682,IXbKBIg3QDujPMtzZwnv3w
6,AbhiML,1696120291976,3,77707,72727,233122,7.666666666666667,0,23,23,1,SUCCESS,233122,ozmiROp5TUW1OO_Y-omDDQ
7,Blockchain486#9417,1696120088989,3,85763,85675,257289,2.0,0,6,6,1,SUCCESS,257289,MH2B_95HTG2hbyWqNObSxg
