Alias,SubmissionTime,LapCount,AvgLapTime,BestLapTime,TotalLapTime,AvgResets,CollisionCount,OffTrackCount,ResetCount,SubmissionCount,Rank,LeaderboardSubmissionStatusType,RankingScore,RacingDivision,UserId
Fumiaki,1633048076942,3,59994,52393,179983,6.666666666666667,2,18,20,3,1,SUCCESS,179983,PRO,5RzBNYRAQoWVausi3eyhRg
atnmn,1633047943794,3,61448,51155,184345,8.0,6,18,24,1,2,SUCCESS,184345,PRO,b3960b6c6f58458880ceew
ABaykov,1633048047236,3,70678,65996,212034,11.0,2,31,33,1,3,SUCCESS,212034,PRO,aa28j7SWTd-LxMzvFoj_bA
CGS-LargeLattice,1633047025066,3,71079,63237,213238,11.0,6,27,33,1,4,SUCCESS,213238,PRO,o6NgljsnTOOelVAsofMR3g
CGS-on-your-12-hopefully,1633048151066,3,80245,78019,240735,13.0,4,35,39,2,5,SUCCESS,240735,PRO,C4LEAeusQ8uY4gJ45GcKlg
AIDeepRacer,1633047246718,3,85753,81785,257261,9.666666666666666,16,13,29,1,6,SUCCESS,257261,PRO,pIRbdCx6QYatgVXm2p5GbA
JPMC-HandsFree-London,1633047843863,3,104493,90935,313480,21.0,5,58,63,2,7,SUCCESS,313480,PRO,DZAYqyd-Tp6eE15IopWCgQ
DeepRacer02,1633047611675,3,105806,103140,317420,16.333333333333332,9,40,49,2,8,SUCCESS,317420,PRO,YYT8Cpu9TSOuIFRHbfxvtw
GT-Racing,1633047102028,3,109392,100681,328178,15.666666666666666,11,36,47,1,9,SUCCESS,328178,PRO,w9zvXqmyRFWjHCr1e_v0-g
