Alias,SubmissionTime,LapCount,AvgLapTime,BestLapTime,TotalLapTime,AvgResets,CollisionCount,OffTrackCount,ResetCount,SubmissionCount,Rank,LeaderboardSubmissionStatusType,RankingScore,RacingDivision,UserId
AIDeepRacer,1651364025952,3,31659,26332,94977,2.6666666666666665,6,2,8,34,1,SUCCESS,94977,PRO,pIRbdCx6QYatgVXm2p5GbA
barkingdog,1651364828370,3,44818,29654,134455,6.333333333333333,17,2,19,3,2,SUCCESS,134455,PRO,b3960b6c6f58458880ceew
ferrite,1651363239759,3,45199,37471,135599,6.0,12,6,18,3,3,SUCCESS,135599,PRO,SRAgn9lMTCmIjaBREP7hxA
EnBW-Flitzer,1651365324290,3,49285,33932,147856,7.333333333333333,16,6,22,1,4,SUCCESS,147856,PRO,je1HIMgRQtibB3H9325TRw
BennyLBS,1651368566296,3,63580,55859,190741,10.0,24,6,30,1,5,SUCCESS,190741,PRO,wD3fjDFZTJaZd9AU7WRDlA
AJM-Model-1,1651368771074,3,64443,54670,193329,10.666666666666666,23,9,32,2,6,SUCCESS,193329,PRO,gdsU9bkGRWW7LTEHP4rGgQ
AccessibleScript#1486,1651384060255,3,106017,93265,318052,23.666666666666668,16,54,71,1,7,SUCCESS,318052,PRO,M9pIf5qlQh-iUjGJpiNaHg
RDFZ--TAIWAN-IS-A-PART-OF-CHINA,1651376458594,3,127579,113199,382737,29.0,24,63,87,1,8,SUCCESS,382737,PRO,2CWDfJG2Rp2spT8ENKG33A
