Alias,SubmissionTime,LapCount,AvgLapTime,BestLapTime,TotalLapTime,AvgResets,CollisionCount,OffTrackCount,ResetCount,SubmissionCount,Rank,LeaderboardSubmissionStatusType,RankingScore,RacingDivision,UserId
pdkpro-07,1627776061702,3,32583,27525,97750,1.0,0,3,3,0,1,SUCCESS,97750,OPEN,ViQgNWQTRruf5eEpHoS4Xw
Bandwidth-RnD,1627787539173,3,44399,43262,133198,3.0,0,9,9,4,2,SUCCESS,133198,OPEN,77V1kp1kRJCO5D4zgSrqxA
Riolu,1627790022190,3,51038,47340,153115,1.0,0,3,3,1,3,SUCCESS,153115,OPEN,5uT4nmOrSdWr814lPIdrGg
Rocketzill83,1627788745283,3,58308,55254,174924,0.3333333333333333,0,1,1,0,4,SUCCESS,174924,OPEN,IuAP6cgPTuqbDdVYWbzwyA
irishabh,1627789509598,3,58330,54737,174990,0.6666666666666666,0,2,2,0,5,SUCCESS,174990,OPEN,44Xf1efiQcO50JmrapGmDQ
Firstracer,1627782136703,3,69118,65796,207355,0.3333333333333333,0,1,1,0,6,SUCCESS,207355,OPEN,p17ESstaQaeuE6df1K_t5A
ljonesonecause,1627788523007,3,73764,72922,221292,0.6666666666666666,0,2,2,1,7,SUCCESS,221292,OPEN,AaX57PHkS321uFri_vCxpQ
Dr-Jekel-IV,1627787342731,3,98839,86072,296519,8.666666666666666,0,26,26,1,8,SUCCESS,296519,OPEN,KNWX4ORlRvOpYIYWobk8dA
