Alias,SubmissionTime,LapCount,AvgLapTime,BestLapTime,TotalLapTime,AvgResets,CollisionCount,OffTrackCount,ResetCount,SubmissionCount,Rank,LeaderboardSubmissionStatusType,RankingScore,RacingDivision,UserId
PolishThunder,1646164908881,3,41050,31793,123152,3.6666666666666665,1,10,11,3,1,SUCCESS,123152,PRO,qi512oGVTry8V-KtP6j2_w
AIDeepRacer,1646163928137,3,50442,48863,151327,6.666666666666667,1,19,20,2,2,SUCCESS,151327,PRO,pIRbdCx6QYatgVXm2p5GbA
Doug-Racer,1646164862237,3,55708,54268,167124,5.333333333333333,5,11,16,1,3,SUCCESS,167124,PRO,1R021ZoDQrqxSUiHfBvyEw
LeadingAI,1646163171492,3,57134,53329,171403,7.666666666666667,3,20,23,3,4,SUCCESS,171403,PRO,VP5wwaH5T4GciaMX2ocEvQ
gcjordi,1646165002456,3,61715,56871,185146,4.666666666666667,6,8,14,1,5,SUCCESS,185146,PRO,4n-0HYIyQ2241dJ4tZirRg
Yuliya,1646164648523,3,64420,51582,193260,8.333333333333334,2,23,25,3,6,SUCCESS,193260,PRO,JWJgkv8bSKeMIGYZ9roR-A
AJM-Model-1,1646162368769,3,73199,70398,219597,11.666666666666666,4,31,35,1,7,SUCCESS,219597,PRO,gdsU9bkGRWW7LTEHP4rGgQ
omgjenfd,1646161980439,3,150089,141459,450267,25.666666666666668,18,59,77,1,8,SUCCESS,450267,PRO,YUwak4ljRuSVLczGPBpL2A
