Rank,Alias,SubmissionTime,LapCount,AvgLapTime,BestLapTime,TotalLapTime,AvgResets,CollisionCount,OffTrackCount,ResetCount,SubmissionCount,LeaderboardSubmissionStatusType,RankingScore,UserId
1,Mike211,1701734428641,1,20407,20407,64383,0.3333333333333333,0,1,1,1,SUCCESS,20407,rgZhd0J7TBGwBO4GPYC3yg
2,AvaLoveRace,1701736467286,1,21332,21332,65126,0.0,0,0,0,1,SUCCESS,21332,cyke2fPLS1-bLJKsxcKhmg
3,CobraTate#8889,1701734843468,1,23460,23460,70929,0.0,0,0,0,1,SUCCESS,23460,xOrnIcTTQ4ySmRsVfZ8rtw
4,BeepBeepGo,1701735301530,1,23589,23589,75242,2.3333333333333335,0,7,7,1,SUCCESS,23589,eloXue5sQAChBCU2Yes-XA
5,lurker64,1701735707149,1,24732,24732,74966,2.0,0,6,6,1,SUCCESS,24732,5mK3fJpaTemuFtzL9ePVPw
6,AsynchronousRequirements#5233,1701735971361,1,26815,26815,107777,3.6666666666666665,0,11,11,1,SUCCESS,26815,7Jhg6qy5SJyOpprEb-j-2w
7,ReggieFromOEs,1701736721473,1,46506,46506,149440,2.0,0,6,6,1,SUCCESS,46506,8sIQ2Vh_Rf6cvw9rXjaixw
8,Bear-Cat-Tom,1701736601065,1,118400,118400,371392,24.666666666666668,0,74,74,1,SUCCESS,118400,r7lYIBtiRmydIO7TWlESzw
