Rank,Alias,SubmissionTime,LapCount,AvgLapTime,BestLapTime,TotalLapTime,AvgResets,CollisionCount,OffTrackCount,ResetCount,SubmissionCount,LeaderboardSubmissionStatusType,RankingScore,UserId
1,CobraTate#8889,1709256884952,1,44373,44373,150384,1.0,0,3,3,1,SUCCESS,44373,xOrnIcTTQ4ySmRsVfZ8rtw
2,Dfwdeepracer9,1709256889544,1,45036,45036,151118,1.0,0,3,3,1,SUCCESS,45036,LPqSQTz6T22eT_XnK6kkJw
3,-SANTACLAWS-,1709256469791,1,103409,103409,404471,19.0,0,54,57,1,SUCCESS,103409,X_dNmJilS8SDBQ44yzd2fg
4,SpeedRacer2424,1709256607387,1,105768,105768,329696,3.6666666666666665,0,11,11,1,SUCCESS,105768,58r8r9AeRKKPx67AzGfrtg
5,BSi,1709256913365,1,137533,137533,437896,21.333333333333332,0,64,64,1,SUCCESS,137533,2eb231b0a43f4940bfed3w
