Rank,Alias,SubmissionTime,LapCount,AvgLapTime,BestLapTime,TotalLapTime,AvgResets,CollisionCount,OffTrackCount,ResetCount,SubmissionCount,LeaderboardSubmissionStatusType,RankingScore,UserId
1,CobraTate#8889,1709256884952,1,44373,44373,150384,1.0,0,3,3,2,SUCCESS,44373,xOrnIcTTQ4ySmRsVfZ8rtw
2,Dfwdeepracer9,1709256889544,1,45036,45036,151118,1.0,0,3,3,1,SUCCESS,45036,LPqSQTz6T22eT_XnK6kkJw
3,NeilSimon-PanSup,1709257813165,1,78349,78349,259600,8.666666666666666,0,26,26,1,SUCCESS,78349,caj3LxcuQz297jcW58Y--Q
4,IterableAttention#3151,1709258888756,1,92734,92734,317064,12.333333333333334,0,37,37,1,SUCCESS,92734,u007vSg9RrGV3oD7aLWoQA
5,-SANTACLAWS-,1709256469791,1,103409,103409,404471,19.0,0,54,57,1,SUCCESS,103409,X_dNmJilS8SDBQ44yzd2fg
6,SpeedRacer2424,1709256607387,1,105768,105768,329696,3.6666666666666665,0,11,11,1,SUCCESS,105768,58r8r9AeRKKPx67AzGfrtg
7,ferrite,1709257826975,1,114511,114511,378430,18.0,0,54,54,1,SUCCESS,114511,SRAgn9lMTCmIjaBREP7hxA
8,BSi,1709256913365,1,137533,137533,437896,21.333333333333332,0,64,64,1,SUCCESS,137533,2eb231b0a43f4940bfed3w
9,spartan0,1709257410684,1,176486,176486,587543,17.0,0,51,51,1,SUCCESS,176486,sGs_nHS-SmGhKfO_IA-qCQ
