Rank,Alias,SubmissionTime,LapCount,AvgLapTime,BestLapTime,TotalLapTime,AvgResets,CollisionCount,OffTrackCount,ResetCount,SubmissionCount,LeaderboardSubmissionStatusType,RankingScore,UserId
1,GammaUpgrade#9217,1736213708440,3,23600,15198,70801,1.6666666666666667,0,5,5,2,SUCCESS,23600,5GAlg5Y8QleLQis75XcjIA
2,CrypticDocumentation#8282,1736211228942,3,32795,32654,98386,0.0,0,0,0,1,SUCCESS,32795,sfZ-dSDJSJSNcbfJIcGASA
3,MachineParameter#6943,1736212057679,3,43531,39129,130594,5.666666666666667,0,16,17,1,SUCCESS,43531,ilQk02NNTpaLaylF4pAXOw
4,AgileNumber#9317,1736212497204,3,82287,73062,246861,12.666666666666666,0,38,38,1,SUCCESS,82287,1w0cSi0VRMmxO4ScE6h8wQ
5,GlobalTest#1075,1736211159221,3,93197,86133,279593,11.333333333333334,0,34,34,1,SUCCESS,93197,T6bMeeoKQUqIb641inbgow
6,AccessibleServer#7530,1736213080471,3,96129,92719,288389,11.666666666666666,0,35,35,1,SUCCESS,96129,vARH1bRpTDCxzrTU16W_og
7,Zero-dayCircuit#1492,1736216588576,3,98953,73666,296860,15.666666666666666,0,46,47,1,SUCCESS,98953,KGhQ4gxPSp2nzAOJcI7MTw
