Alias,SubmissionTime,LapCount,AvgLapTime,BestLapTime,TotalLapTime,AvgResets,CollisionCount,OffTrackCount,ResetCount,SubmissionCount,Rank,LeaderboardSubmissionStatusType,RankingScore,RacingDivision,UserId
ferrite,1643674647656,3,16686,14588,50060,1.6666666666666667,0,5,5,1,1,SUCCESS,50060,OPEN,SRAgn9lMTCmIjaBREP7hxA
JJ,1643675464826,3,16796,14661,50388,1.6666666666666667,0,5,5,2,2,SUCCESS,50388,OPEN,afdcX_4vRH6Ussd0mbg5LQ
Breadcentric,1643676003617,3,18956,16125,56869,0.6666666666666666,0,2,2,3,3,SUCCESS,56869,OPEN,SjNec5b-SpOk7y9b6rh4KQ
omgjenfd,1643674670870,3,46294,45191,138882,4.333333333333333,0,13,13,1,4,SUCCESS,138882,OPEN,YUwak4ljRuSVLczGPBpL2A
RocketPresentation#3096,1643674630983,3,60485,55263,181457,7.333333333333333,0,22,22,1,5,SUCCESS,181457,OPEN,7BkD4YytTPupB-15typd9g
LU-Matt-TTM-v1,1643674756036,3,68376,67733,205129,11.0,0,33,33,1,6,SUCCESS,205129,OPEN,jwRe1QkMQa-447Knhs6rkw
